player_id,stats_id,matches_played,goals
1,3206,93,3
2,1774,79,7
3,5005,6,10
4,1372,100,6
5,6402,33,1
6,2180,20,6
7,4186,37,5
8,4653,64,2
9,3702,77,9
10,7614,69,1
11,1899,61,2
12,6670,56,4
13,8043,3,10
14,8611,85,4
15,6998,10,9
16,2362,32,5
17,2465,58,4
18,651,49,0
19,2453,88,4
20,5202,13,10
21,6773,33,5
22,6533,80,9
23,5073,95,2
24,6002,66,0
25,2827,28,4
26,518,96,6
27,4293,52,3
28,2260,41,10
29,9691,30,7
30,6970,91,2
31,870,9,3
32,4885,87,0
33,623,37,1
34,335,8,5
35,6140,43,0
36,7486,31,0
37,3311,78,8
38,176,48,3
39,7926,59,4
40,4954,22,3
41,2881,29,1
42,8761,6,10
43,4703,99,3
44,533,72,0
45,8101,99,0
46,8735,22,4
47,517,76,9
48,2173,64,6
49,5613,18,5
50,9403,30,7
51,3633,72,5
52,2713,94,1
53,1492,86,6
54,8845,64,6
55,2020,38,9
56,3409,55,10
57,2766,17,4
58,2729,92,4
59,3446,8,0
60,3280,5,10
61,8270,98,6
62,4662,33,4
63,7303,28,3
64,1257,71,2
65,3853,6,6
66,3136,92,9
67,3844,58,8
68,4688,39,5
69,8743,31,0
70,3794,94,7
71,3384,25,9
72,9044,56,9
73,2161,51,7
74,5680,20,5
75,7610,17,10
76,5683,21,10
77,8826,100,1
78,4361,78,4
79,6578,37,6
80,7978,6,10
81,3542,40,9
82,9866,46,9
83,2241,62,3
84,5841,85,3
85,9421,57,1
86,6848,45,3
87,162,71,3
88,3507,55,10
89,9595,13,2
90,9162,45,1
91,4345,20,7
92,1932,74,3
93,2702,96,4
94,7231,50,1
95,9395,60,5
96,6187,92,3
97,136,7,5
98,4762,37,1
99,9911,1,10
100,1360,61,9
101,4480,93,5
103,9683,51,3
104,7163,18,6
105,6427,100,6
106,2888,55,2
107,3867,49,7
108,8179,87,8
109,3621,63,3
110,7828,7,2
111,8650,43,2
112,770,5,1
113,9794,2,4
114,8755,3,5
115,5861,73,3
116,341,56,0
117,8390,79,5
118,2068,63,10
119,6802,54,3
120,9820,87,7
121,671,64,6
122,3030,45,9
123,4619,15,3
124,3038,59,7
125,3713,52,1
126,2673,36,10
127,2625,70,4
128,725,9,0
129,2285,53,6
130,5149,70,6
131,6766,84,6
132,5919,79,9
133,3220,20,1
134,6740,72,0
135,9713,91,1
136,9596,85,3
137,290,82,3
138,4085,47,9
139,3997,72,4
140,9902,54,0
141,5548,63,1
142,4623,92,2
143,1139,79,3
144,4754,34,4
145,234,86,2
146,4101,67,2
147,2523,50,3
148,3,84,1
149,7197,59,9
150,2811,22,0
151,2757,32,10
152,7479,41,6
153,4399,31,6
154,786,27,2
155,167,16,8
156,5460,69,6
157,7252,34,2
158,4315,65,6
159,1462,34,0
160,916,72,8
161,8804,45,4
162,8299,27,9
163,6978,3,3
164,8836,51,4
165,5495,87,6
166,5675,63,9
167,9606,61,4
168,8495,81,10
169,1013,50,7
170,8663,95,0
171,1860,34,9
172,1261,63,6
173,7444,23,0
174,7451,19,5
175,81,80,7
176,311,65,8
178,9750,13,5
179,1967,45,7
180,9176,12,7
181,1355,20,4
182,1312,81,1
183,1914,13,10
184,7466,26,4
185,6919,59,0
186,8654,91,2
187,7654,25,7
188,1103,12,3
189,6726,51,4
190,508,52,8
191,2370,23,7
192,5298,82,6
193,6062,29,3
194,5054,25,2
195,2419,40,6
196,122,60,5
197,8709,56,7
198,6707,64,2
199,9213,71,2
200,71,25,1
201,6914,87,6
202,7065,45,10
203,4351,75,4
204,8184,43,8
205,3555,22,10
206,4111,91,8
207,7596,5,1
208,4450,26,5
209,3368,40,2
210,3078,97,6
211,9885,33,9
212,2344,41,1
213,4952,13,1
214,7730,17,6
215,6004,44,5
216,857,68,10
217,675,62,4
218,3862,91,5
219,6064,7,2
220,9802,32,8
221,6236,84,1
222,2459,70,3
223,5740,47,9
224,9963,13,8
225,1120,99,9
226,6079,92,10
227,9433,57,0
228,2302,45,4
229,6717,97,3
230,9897,24,4
231,9876,70,2
232,3553,58,6
233,3758,65,10
234,1481,55,6
235,4988,33,7
236,2537,34,3
237,2254,86,1
238,9806,87,8
239,823,3,9
240,5154,21,0
241,4288,53,2
243,5030,57,0
244,1348,94,4
245,9257,34,10
246,5479,54,7
247,3299,13,0
248,1615,17,0
249,7563,12,0
250,7020,12,10
252,6475,23,3
253,8141,69,4
254,7215,29,4
255,6901,56,10
256,5377,66,10
257,9905,23,0
258,3779,35,2
259,6809,40,0
260,4307,46,2
261,3086,84,4
262,5656,86,6
263,9899,21,6
264,2472,54,4
265,8771,21,4
266,4677,19,1
267,5033,45,5
268,2540,86,4
269,4113,73,5
270,7080,42,6
271,893,58,6
272,6683,1,1
273,928,3,9
274,3290,78,6
275,99,12,5
276,2525,63,5
277,4383,74,7
279,7221,35,8
280,2955,24,5
281,4856,10,0
282,6576,82,7
283,8714,57,1
284,897,45,7
285,5072,11,10
286,3786,57,5
288,5588,40,2
289,7726,94,0
290,5694,30,2
291,8893,53,5
292,5728,68,4
293,9094,48,9
294,7100,64,8
295,8391,28,1
296,9030,9,5
298,7463,48,8
299,6404,99,6
300,5025,37,1
301,683,12,1
302,7565,95,8
303,2557,58,6
304,5845,25,5
305,5248,26,1
306,9714,90,2
307,1330,20,10
308,1477,72,5
309,1943,82,5
310,6672,23,3
311,8976,24,5
312,2040,75,9
313,9684,38,5
314,7327,59,2
315,8024,28,3
317,7356,46,10
318,3988,90,6
319,1167,12,9
320,7491,11,4
321,5132,72,8
322,8885,82,9
323,7183,9,8
324,1918,72,0
325,6874,88,9
326,4949,40,8
327,242,91,6
328,5597,54,8
329,7056,98,9
330,2861,25,0
331,3548,71,3
332,8314,87,3
333,6886,84,10
334,8421,57,2
335,3830,46,4
337,8469,16,9
338,624,80,7
339,1965,68,0
340,6747,75,0
341,2368,40,10
342,5432,18,5
343,9032,21,2
344,7449,12,8
345,8091,11,4
346,896,97,9
347,3859,9,8
348,2198,31,6
349,9367,25,3
350,564,66,7
351,3604,51,6
352,1101,83,8
353,3109,42,8
354,4128,60,3
355,3925,87,6
356,7279,62,6
357,1871,100,10
358,539,20,4
359,8117,73,4
360,248,31,0
361,5186,80,1
362,8475,47,6
363,6110,1,7
364,9624,2,1
365,8436,69,2
366,3592,14,8
367,1646,92,9
368,2392,20,10
369,1091,87,10
370,9926,89,5
372,7505,24,4
373,6059,48,1
374,2413,41,9
375,1810,67,0
376,6258,23,0
378,6595,45,5
379,8824,53,2
380,2714,53,4
381,1048,54,9
382,1942,41,8
383,9292,11,4
384,6005,77,10
385,692,20,7
386,7659,55,7
387,5280,62,0
388,8788,36,7
389,7376,5,2
390,56,12,9
391,5713,35,8
392,4603,7,5
393,5158,35,3
394,5265,27,8
395,2149,59,8
396,5064,77,3
397,330,77,2
398,905,71,4
400,3736,80,0
401,8476,63,0
402,7113,94,6
403,1162,66,9
404,7980,90,0
405,7656,12,9
406,4497,59,5
407,8420,24,6
408,9132,81,4
409,2754,98,1
410,5141,88,6
411,1994,69,3
412,8298,68,8
413,8435,59,7
414,5353,48,7
415,1291,63,5
416,7180,25,7
417,1827,80,1
418,447,12,4
419,1010,74,9
420,3525,87,1
421,6424,85,2
422,3388,93,3
423,6274,69,0
424,2116,44,5
425,2516,14,3
426,2394,29,5
427,2830,62,2
428,2269,38,9
429,2295,58,7
431,5641,35,1
432,937,96,7
433,1180,76,7
434,9810,95,7
435,4246,91,7
436,5012,59,10
437,6854,45,3
438,6651,2,4
439,2104,44,10
440,4030,39,3
441,7941,12,9
442,2932,86,4
444,2847,48,0
445,9752,78,3
446,8085,41,9
447,70,88,3
448,5957,93,3
449,7552,58,0
450,3728,9,1
451,9179,19,3
452,8548,36,6
454,2438,34,0
455,8140,26,2
456,6884,97,0
457,1505,66,5
458,2835,11,2
459,206,68,3
461,892,41,10
462,5439,11,3
463,7372,61,8
464,1595,67,5
465,1674,76,7
466,7116,46,5
467,4614,21,10
468,4735,90,2
469,4811,78,7
470,4777,36,7
471,5854,4,4
472,587,97,5
473,2815,67,4
475,6920,36,10
476,2192,54,8
478,1281,73,0
479,5944,68,1
480,5784,43,5
481,8442,2,4
482,5385,44,2
483,5183,10,2
484,6558,38,7
485,3817,15,5
486,5513,64,10
487,3117,90,10
488,8854,47,4
489,4742,75,5
490,3362,97,1
491,1630,80,4
492,3495,66,4
493,3652,11,9
494,5246,46,4
495,245,4,7
496,6573,76,8
498,8453,73,4
499,3596,74,4
500,5217,62,6
501,7043,97,8
502,8987,23,2
503,4332,98,9
504,8777,99,9
505,6272,91,5
506,5294,26,6
507,1765,47,10
508,6971,52,8
509,746,77,5
510,9889,75,7
511,962,29,8
512,1548,91,5
513,3397,59,10
514,9589,70,1
515,5738,60,10
516,6676,73,8
517,6863,70,8
518,1028,1,7
519,1268,18,6
520,9148,83,9
521,639,29,3
522,4073,41,3
524,3529,20,7
525,5562,89,2
526,3544,98,0
527,1206,87,1
528,4475,21,2
529,4433,43,10
530,9322,48,8
531,253,16,5
532,2680,95,4
533,1892,87,9
534,1468,17,0
535,9556,66,5
536,5888,4,9
537,4572,73,3
538,4569,26,1
539,7306,27,10
540,8565,80,6
541,9489,88,7
542,5842,7,2
543,2651,96,8
545,6836,77,7
546,6942,69,7
547,908,1,2
548,8843,78,4
549,7608,72,9
550,445,58,6
551,3486,49,7
552,7910,76,8
554,9941,96,4
556,1407,29,9
557,388,77,7
558,5098,13,0
559,3854,99,7
560,9166,54,6
561,4461,81,0
563,5610,80,6
564,8071,37,2
565,5898,24,0
566,1970,20,9
567,9236,12,0
568,8478,17,9
569,1930,69,7
570,2431,14,6
571,2664,40,4
572,7830,28,5
573,8989,15,6
574,9401,61,9
575,1339,62,4
576,9678,63,2
577,3614,96,3
578,3826,25,10
579,1362,24,0
580,7886,65,0
581,4454,73,10
582,1181,62,2
583,9851,40,9
584,8957,25,1
585,433,18,5
586,2665,47,1
588,5083,99,0
589,2000,100,0
590,1248,49,1
591,5787,94,9
592,6058,82,9
593,713,96,7
594,1797,6,4
595,4295,37,6
596,9083,84,4
597,5858,46,4
598,8599,5,0
599,4376,60,1
600,430,59,3
601,7487,89,8
602,632,41,7
603,3722,76,8
604,697,5,5
605,4731,42,4
606,7216,89,3
607,1732,49,5
608,6478,38,8
609,3892,57,10
611,3091,1,1
612,5708,28,5
613,8112,58,7
615,2135,41,4
616,5393,88,0
617,8723,27,5
618,5763,56,3
619,7770,47,8
620,4131,69,10
621,6491,9,5
623,5473,49,7
625,5668,85,8
627,9710,86,9
628,9066,38,5
629,2898,57,0
630,1491,67,5
631,5534,81,9
632,3028,78,8
633,9005,98,0
634,6450,83,6
635,8880,79,7
636,1910,13,1
637,2953,68,0
638,907,29,6
639,6060,58,3
640,9679,97,3
641,9946,19,0
642,5627,74,4
643,7837,58,4
644,6969,82,4
645,7472,72,10
646,2683,23,3
647,2461,3,3
648,3100,33,4
649,6873,66,3
651,828,6,8
652,754,66,1
653,7316,97,9
655,1709,94,2
656,7185,42,10
657,3394,35,8
658,5884,95,0
659,86,21,10
660,5045,96,3
661,8389,7,0
662,2233,86,1
663,7370,40,7
664,4720,71,10
665,7432,100,10
666,4979,55,5
667,685,21,0
668,9654,11,3
669,5266,49,0
670,9484,67,5
671,9756,52,3
672,2433,62,9
673,6390,27,5
674,1549,46,8
675,3647,53,2
676,5654,4,2
677,7433,76,10
678,6033,33,8
679,9451,48,8
680,3330,88,6
681,2070,38,10
682,4871,9,8
683,7105,59,4
684,1043,34,1
685,5362,55,3
686,5338,16,10
687,7130,16,8
688,9703,27,5
689,9540,43,5
690,854,9,9
691,4730,52,3
692,1256,6,0
693,4961,38,4
694,2581,25,8
695,8722,2,4
697,2686,38,5
698,432,6,4
699,187,82,0
700,2409,1,10
701,5001,75,6
702,1617,5,8
705,8282,46,0
706,3510,88,10
707,8212,85,3
708,7540,74,1
709,3445,86,9
710,6160,83,10
711,8313,29,0
712,2624,18,2
713,4188,32,6
714,9992,2,8
715,3279,2,5
716,2619,93,10
717,4423,16,10
718,4402,65,4
719,542,55,7
720,2140,40,3
721,6456,37,7
722,8310,80,0
723,6801,55,9
724,8394,77,2
725,8286,7,5
726,6331,58,5
727,8811,73,3
728,4478,68,3
729,3187,98,7
730,4022,30,4
731,5178,63,5
732,9619,60,10
733,8182,46,1
734,8756,48,5
735,3378,76,10
736,2758,1,2
737,4991,66,3
738,302,33,9
739,3705,52,5
740,2637,74,7
741,9375,12,7
742,1153,7,10
743,9772,15,1
744,4049,27,3
745,9973,82,5
746,9104,72,10
747,8925,94,4
748,6604,1,5
749,8612,72,0
752,8841,24,9
753,7026,44,6
754,9325,70,10
755,7516,84,7
756,5642,5,5
757,6441,70,6
758,3785,37,3
759,7921,64,0
760,5822,57,10
761,434,94,4
762,826,90,5
763,5777,60,8
764,3744,78,1
765,2853,98,3
766,1901,49,7
767,1558,16,10
768,3402,40,6
769,3566,34,0
770,616,46,2
771,5607,58,4
772,7297,20,0
773,4529,28,6
774,8967,3,8
775,8847,2,9
776,6006,48,7
777,7525,89,4
778,7556,51,8
779,4994,5,10
780,5349,85,6
781,4945,45,4
782,8849,10,3
783,1777,48,1
784,1888,16,10
785,6384,38,10
786,8953,20,10
787,9468,31,9
788,681,1,1
789,3607,44,8
790,4273,94,0
791,5551,68,10
792,5674,72,6
793,8356,98,10
794,929,65,6
795,9003,16,4
796,2154,46,2
797,5308,9,2
798,728,99,2
799,74,3,7
800,8218,71,0
801,3781,94,0
802,5504,94,0
803,7841,94,6
804,6464,17,6
805,1798,39,8
806,3746,11,6
807,310,13,2
808,8446,85,6
810,1329,37,4
811,6833,58,8
812,232,94,5
813,4324,11,10
814,5312,34,10
815,329,72,2
817,5272,30,3
818,5604,88,10
819,6443,91,5
820,7024,94,9
822,2343,64,8
823,2978,87,3
824,405,53,3
825,1373,49,2
826,8588,53,2
827,4626,1,3
828,6805,78,5
829,6849,55,0
830,2806,85,8
831,5958,1,6
832,6197,84,6
833,7425,90,1
835,7069,34,3
836,1850,72,3
837,170,96,10
838,2176,71,8
839,8949,15,5
840,387,89,8
841,6584,64,1
842,7892,13,10
843,1296,83,3
844,5116,41,3
845,4862,64,8
847,1182,7,9
848,817,85,8
849,7567,71,9
850,9331,7,1
851,1173,36,0
852,8620,31,10
853,2003,34,10
854,1702,69,2
855,2297,72,10
856,4166,77,10
857,4367,76,7
858,489,33,8
859,2973,12,0
860,5638,61,6
861,8261,35,5
862,6461,84,8
863,2856,49,1
864,9232,79,8
865,615,88,7
866,4018,43,5
867,4573,50,7
868,1470,85,2
869,5838,40,8
870,9995,49,4
871,8818,88,0
872,3010,64,3
873,3332,4,2
874,947,28,4
875,9458,91,10
876,4194,88,8
877,298,86,6
878,5848,16,10
879,8233,5,0
880,5006,69,6
881,8379,72,7
882,3821,44,1
883,5875,39,4
884,1413,57,7
885,8148,51,6
886,67,48,6
887,6521,30,6
888,4660,9,10
890,6840,87,0
891,4588,53,10
892,9720,58,6
893,5011,79,4
894,9726,58,5
895,5317,66,6
896,2091,49,2
897,9349,24,6
898,3628,39,6
899,6782,51,10
900,1874,88,4
901,1669,50,2
902,2108,94,7
903,8700,13,5
905,40,11,5
906,6701,64,10
907,9400,67,0
908,9149,8,9
909,215,63,1
910,2913,35,9
911,8399,37,8
912,8214,92,4
913,5582,73,6
914,4996,74,5
915,321,10,2
916,6137,52,0
917,4963,16,3
918,107,35,0
919,2258,52,10
921,4875,38,2
922,648,93,10
923,9075,21,2
924,410,4,2
925,6165,54,8
926,5778,95,7
927,6641,76,6
928,5440,33,2
929,7811,2,4
930,7997,81,4
931,2301,31,2
932,5027,78,3
933,7331,71,6
934,6666,61,0
935,3632,56,0
936,8746,63,4
937,7681,96,1
938,3643,51,2
939,7304,56,0
940,4975,75,1
941,3180,14,0
942,244,99,3
943,6471,2,6
944,9291,26,2
945,6924,79,9
946,9709,38,5
947,8768,16,1
949,6607,84,3
950,9337,70,8
951,4069,24,4
952,1016,44,3
953,9225,88,8
954,7261,81,9
955,853,69,7
957,8602,29,9
958,9682,99,2
959,2954,46,3
960,7974,38,5
961,1644,85,6
962,3666,15,3
963,792,95,1
964,93,20,10
965,4158,17,9
967,976,47,9
968,3498,26,3
969,7548,81,6
971,8624,54,7
972,1693,45,4
973,6587,4,10
974,2719,34,2
975,3864,79,6
976,2106,75,8
977,5375,93,0
978,8642,100,3
979,5447,35,6
980,6667,3,1
981,2534,48,2
982,5759,45,9
983,2810,70,7
985,7526,98,2
986,1400,29,0
987,9618,39,1
988,8335,9,5
989,9539,17,10
990,8734,37,8
991,1704,31,7
993,1044,93,6
994,9413,80,7
995,6787,14,7
996,7097,56,10
997,1135,51,4
998,8950,11,8
999,4205,41,6
1000,4755,54,3
1001,6799,93,7
1002,2573,79,10
1003,8348,6,6
1004,6638,100,1
1005,8415,33,6
1006,6246,20,5
1008,1563,64,9
1009,7585,77,1
1010,8908,69,2
1011,2278,61,4
1013,8454,3,4
1014,38,85,9
1015,6620,10,5
1016,374,32,4
1017,5155,58,0
1019,339,88,10
1020,5500,13,5
1021,777,33,9
1022,1935,80,2
1023,2598,95,0
1024,6147,66,4
1025,2252,28,6
1026,4302,96,3
1027,3537,52,10
1028,1127,41,7
1029,7233,30,2
1030,7669,91,3
1031,4592,9,0
1032,4999,87,1
1033,5788,37,5
1034,4694,8,0
1035,5921,43,0
1036,4940,31,8
1037,7442,78,3
1038,9290,48,4
1039,8207,59,3
1041,9513,29,10
1042,1046,6,3
1043,1,99,0
1044,6170,72,0
1045,9464,99,4
1046,5511,22,9
1047,9549,76,6
1048,2963,64,5
1049,277,18,7
1051,407,72,1
1053,6944,86,6
1054,8719,64,9
1055,3755,38,10
1056,4214,55,4
1057,2792,17,4
1058,9877,92,0
1059,7547,8,10
1060,3080,5,6
1061,991,98,4
1062,5960,33,3
1063,3754,28,2
1064,6182,71,6
1065,4126,6,9
1066,2273,92,8
1067,5299,58,5
1068,8004,39,0
1069,5216,31,7
1070,4398,94,9
1071,6030,25,9
1072,5886,56,7
1073,7869,51,5
1074,8347,20,10
1075,1514,17,10
1076,1194,21,1
1077,3601,100,4
1078,8724,78,6
1079,2151,37,10
1080,4199,6,9
1081,2456,40,9
1082,2705,46,3
1083,8969,62,3
1084,8521,85,1
1085,7254,57,3
1086,4070,45,3
1087,7866,71,10
1088,7680,55,2
1089,8194,13,1
1090,7402,45,7
1091,2095,20,3
1092,9608,74,4
1093,6029,96,1
1094,5009,50,5
1095,6755,60,3
1097,2508,7,1
1098,7888,37,10
1099,7728,1,9
1100,6360,61,5
1101,7161,93,5
1102,9511,81,3
1103,3470,51,6
1104,4655,18,6
1105,5164,100,2
1106,198,55,7
1107,1216,49,8
1108,8947,87,3
1109,5912,63,2
1110,4329,7,2
1111,4067,43,1
1112,17,5,4
1113,2718,2,5
1114,5475,3,3
1115,6960,73,0
1116,5751,56,5
1117,1583,79,10
1118,2114,63,3
1119,3252,54,7
1120,1873,87,6
1121,9241,64,9
1122,8659,45,3
1123,3306,15,7
1124,1368,59,1
1125,92,52,10
1126,5520,36,4
1127,4118,70,0
1128,3784,9,6
1129,3371,53,6
1130,3130,70,6
1131,7289,84,9
1132,5214,79,1
1133,7755,20,0
1134,9616,72,1
1135,8324,91,3
1136,2408,85,3
1138,6149,47,4
1139,9486,72,0
1140,2004,54,1
1141,3312,63,2
1142,7691,92,3
1143,3560,79,4
1144,3215,34,2
1145,5915,86,2
1146,609,67,3
1147,847,50,1
1148,9466,84,9
1151,9306,32,6
1152,1825,41,6
1153,8025,31,2
1154,1467,27,8
1155,5598,16,6
1156,2559,69,2
1157,4050,34,6
1158,2244,65,0
1159,3053,34,8
1160,2462,72,4
1161,7443,45,9
1162,6270,27,3
1163,220,3,4
1164,8142,51,6
1165,6162,87,9
1166,8440,63,4
1167,796,61,10
1168,4476,81,7
1169,8696,50,0
1170,3888,95,9
1171,3263,34,6
1172,2441,63,0
1173,952,23,5
1174,3410,19,7
1175,344,80,8
1176,5737,65,9
1177,4447,84,5
1178,9007,13,7
1179,7439,45,7
1180,2123,12,4
1181,5286,20,1
1182,4759,81,10
1183,1067,13,4
1184,4791,26,0
1185,4546,59,2
1186,2731,91,7
1187,4599,25,3
1188,6426,12,4
1189,9967,51,8
1191,7342,23,6
1192,1238,82,3
1193,8058,29,2
1194,2644,25,6
1195,2783,40,5
1196,3678,60,7
1197,6487,56,2
1198,3961,64,2
1199,9544,71,1
1200,4458,25,6
1202,7338,45,4
1203,3503,75,8
1204,3208,43,10
1205,3057,22,8
1206,8793,91,1
1207,7089,5,5
1208,3351,26,2
1210,1545,97,9
1211,924,33,1
1212,4525,41,1
1213,1356,13,6
1215,894,44,10
1216,7714,68,4
1217,5716,62,5
1218,3795,91,2
1219,738,7,8
1220,6313,32,1
1221,1746,84,3
1222,8274,70,9
1223,3156,47,8
1227,7695,57,4
1228,5580,45,3
1229,6092,97,4
1231,636,70,6
1233,2744,65,6
1234,4609,55,7
1235,5913,33,3
1236,7429,34,1
1237,3349,86,8
1238,3536,87,9
1239,9660,3,0
1240,155,21,2
1241,6614,53,3
1242,8918,74,0
1243,9210,57,4
1244,2067,94,10
1245,7637,34,7
1246,1984,54,0
1247,3235,13,0
1248,3474,17,0
1249,7639,12,10
1250,6388,12,3
1251,4471,7,3
1252,9405,23,4
1253,8606,69,4
1255,1352,56,10
1256,3019,66,0
1257,1295,23,2
1258,8930,35,0
1259,6792,40,2
1261,3131,84,6
1263,3903,21,4
1264,3966,54,4
1265,3041,21,1
1266,6256,19,5
1267,5306,45,4
1268,6277,86,5
1269,9651,73,6
1272,4074,1,9
1273,7,3,6
1274,6789,78,5
1275,4881,12,5
1276,1895,63,7
1277,7374,74,10
1278,4781,64,8
1279,1456,35,5
1280,8357,24,0
1281,1811,10,7
1282,3082,82,1
1283,1073,57,7
1284,4066,45,10
1285,4905,11,5
1286,1851,57,5
1287,6239,47,2
1288,3293,40,0
1289,6610,94,2
1290,9923,30,5
1291,3403,53,4
1292,5785,68,9
1293,4153,48,8
1294,363,64,1
1299,9751,99,1
1300,7048,37,1
1301,3095,12,8
1303,3811,58,5
1304,2630,25,1
1305,6240,26,2
1306,5062,90,10
1307,5292,20,5
1308,7821,72,5
1310,8706,23,5
1311,4709,24,9
1312,5904,75,5
1313,3842,38,2
1314,3579,59,3
1315,9392,28,8
1317,7527,46,6
1318,2755,90,9
1319,5959,12,4
1321,6562,72,9
1322,1165,82,8
1324,9906,72,9
1325,5976,88,8
1326,9895,40,6
1327,3346,91,8
1328,807,54,9
1330,4842,25,3
1331,8330,71,3
1332,4830,87,10
1333,3805,84,2
1334,7667,57,4
1335,1920,46,8
1336,5825,99,9
1337,361,16,7
1338,3048,80,0
1339,7154,68,0
1340,9052,75,10
1341,1298,40,5
1343,171,21,8
1345,6591,11,9
1346,61,97,8
1347,4386,9,6
1348,6629,31,3
1349,1814,25,7
1350,2488,66,6
1351,4874,51,8
1352,2843,83,8
1353,9116,42,3
1354,4579,60,6
1355,7246,87,6
1356,849,62,10
1357,5925,100,4
1358,7418,20,4
1359,6167,73,0
1361,10,80,6
1362,3861,47,7
1363,5074,1,1
1364,7123,2,2
1365,3612,69,8
1366,8598,14,9
1367,6347,92,10
1368,672,20,10
1369,6420,87,5
1370,7408,89,8
1371,5569,88,4
1372,8126,24,1
1373,4038,48,9
1374,2708,41,0
1376,2871,23,8
1377,2253,17,5
1378,9789,45,2
1379,2997,53,4
1380,7478,53,9
1381,294,54,8
1382,8254,41,4
1383,1287,11,10
1384,5327,77,7
1386,5109,55,0
1387,8155,62,7
1388,2623,36,2
1389,3313,5,9
1390,2309,12,8
1391,6439,35,5
1392,7641,7,3
1393,9407,35,8
1394,3977,27,8
1395,2865,59,3
1396,9587,77,2
1397,934,77,4
1398,4215,71,3
1400,7971,80,0
1401,7794,63,6
1402,3275,94,9
1403,5766,66,0
1404,3506,90,9
1405,503,12,5
1406,700,59,6
1407,9482,24,4
1408,5803,81,1
1409,4745,98,6
1410,9169,88,3
1411,8680,69,8
1412,1242,68,7
1413,6565,59,7
1415,209,63,7
1416,2825,25,1
1417,1791,80,4
1418,3326,12,9
1419,9009,74,1
1420,2327,87,2
1421,5095,85,3
1423,2769,69,5
1424,2054,44,3
1425,5996,14,5
1426,637,29,2
1427,8367,62,9
1428,1678,38,7
1429,1178,58,1
1431,2796,35,7
1432,8868,96,7
1433,4915,76,7
1435,8252,91,10
1436,4583,59,3
1437,6735,45,4
1438,8955,2,10
1439,7355,44,3
1440,5061,39,9
1441,846,12,4
1442,4139,86,3
1443,2632,14,0
1444,4752,48,3
1445,5395,78,9
1446,8054,41,3
1447,6340,88,3
1448,1950,93,0
1449,1496,58,1
1450,9839,9,3
1451,2909,19,6
1452,9685,36,9
1453,7822,92,0
1454,1915,34,2
1455,3052,26,0
1456,2679,97,5
1457,1290,66,2
1458,6983,11,3
1459,6098,68,2
1460,7087,83,10
1461,2007,41,3
1462,8267,11,8
1464,7927,67,7
1465,8262,76,5
1466,891,46,10
1467,6212,21,2
1468,9170,90,7
1469,7996,78,7
1470,4500,36,4
1471,1602,4,5
1472,9373,97,4
1473,6238,67,7
1474,4178,95,10
1476,349,54,2
1477,9953,69,0
1479,8443,68,5
1480,6010,43,4
1481,9411,2,2
1482,6624,44,2
1483,5231,10,7
1484,7426,38,5
1485,5152,15,10
1486,5540,64,10
1487,2490,90,4
1488,3750,47,5
1490,7588,97,4
1492,5943,66,9
1493,7591,11,4
1494,4803,46,7
1495,4363,4,8
1496,1937,76,2
1497,8537,60,4
1498,3714,73,4
1500,4850,62,8
1501,3365,97,2
1502,3042,23,9
1503,3969,98,9
1504,8424,99,5
1505,2543,91,6
1508,2395,52,5
1509,4098,77,7
1510,2450,75,8
1511,9194,29,5
1512,8821,91,10
1513,5741,59,1
1514,5409,70,10
1518,6016,1,6
1519,5860,18,9
1520,3314,83,3
1521,9409,29,3
1522,9107,41,10
1523,8075,14,7
1524,2670,20,2
1525,7424,89,0
1526,5055,98,1
1527,5236,87,2
1530,2228,48,5
1531,4550,16,4
1532,4257,95,9
1533,9943,87,0
1536,662,4,3
1537,89,73,1
1538,2603,26,10
1539,3385,27,6
1540,8781,80,7
1541,9265,88,2
1542,7245,7,8
1543,367,96,10
1544,9121,46,7
1545,6569,77,7
1546,9516,69,2
1547,9040,1,4
1548,7138,78,9
1549,2059,72,6
1550,6634,58,7
1551,9730,49,8
1552,5249,76,3
1553,6613,64,4
1554,3637,96,6
1555,8404,62,9
1557,1650,77,0
1558,7141,13,7
1559,9792,99,6
1560,9611,54,0
1561,6526,81,4
1562,7476,98,6
1564,4263,37,0
1565,4934,24,9
1566,7383,20,0
1567,383,12,9
1568,2468,17,7
1569,9658,69,6
1570,2328,14,4
1571,7894,40,5
1573,6028,15,9
1575,8081,62,2
1576,8239,63,3
1577,6379,96,10
1578,2905,25,0
1579,4705,24,0
1580,461,65,10
1581,5676,73,2
1582,6273,62,9
1583,8787,40,1
1584,6572,25,5
1585,7492,18,1
1586,9138,47,10
1587,8528,86,0
1590,9603,49,9
1591,7351,94,9
1592,1624,82,7
1594,333,6,6
1595,548,37,4
1596,2428,84,4
1597,8794,46,0
1598,3442,5,1
1599,3690,60,3
1600,8809,59,8
1601,7558,89,7
1602,7173,41,8
1603,5230,76,5
1604,3573,5,4
1605,7008,42,3
1609,7475,57,10
1610,1582,45,1
1611,8890,1,5
1612,4753,28,7
1613,9262,58,7
1614,9892,61,4
1616,1179,88,5
1617,4883,27,3
1618,4929,56,8
1619,7935,47,10
1620,1221,69,5
1621,4993,9,5
1622,6213,71,7
1624,3257,43,8
1625,5215,85,3
1626,1351,36,9
1629,3267,57,5
1630,6612,67,9
1631,2236,81,8
1633,8392,98,6
1634,1264,83,7
1635,5358,79,1
1636,4047,13,0
1637,2378,68,6
1638,1137,29,3
1639,6413,58,3
1641,3882,19,4
1642,2222,74,4
1643,7576,58,4
1644,9716,82,10
1645,4748,72,3
1646,6504,23,3
1647,844,3,4
1648,7107,33,3
1649,6251,66,5
1650,4445,81,8
1651,9185,6,1
1652,1592,66,9
1653,5922,97,3
1654,495,37,2
1656,9435,42,8
1657,7532,35,0
1658,9976,95,10
1659,8374,21,3
1660,1186,96,0
1661,3546,7,1
1662,2826,86,7
1663,9193,40,10
1664,6433,71,10
1665,106,100,5
1666,5667,55,0
1667,2770,21,3
1668,4822,11,0
1669,6444,49,5
1672,7970,62,5
1673,1486,27,8
1674,9531,46,2
1675,4837,53,2
1676,7655,4,10
1677,6436,76,8
1678,8484,33,8
1679,8986,48,6
1680,3482,88,10
1683,7052,59,1
1684,5544,34,3
1685,3725,55,10
1686,2688,16,8
1687,2354,16,5
1688,9180,27,5
1689,7854,43,9
1690,9525,9,3
1691,7964,52,0
1692,2031,6,4
1693,2939,38,8
1694,4287,25,4
1695,2875,2,3
1697,9568,38,4
1698,7872,6,0
1699,2726,82,10
1700,9767,1,6
1701,9208,75,8
1702,4175,5,4
1703,3629,24,8
1704,2138,86,0
1705,238,46,10
1708,5661,74,9
1709,6485,86,10
1710,8754,83,0
1711,9334,29,2
1712,3856,18,6
1714,3395,2,5
1715,1981,2,10
1716,8164,93,10
1717,5508,16,4
1718,5148,65,7
1719,874,55,3
1721,1921,37,0
1722,6762,80,9
1723,7250,55,2
1724,7679,77,5
1725,9295,7,5
1726,482,58,3
1727,6095,73,3
1728,4104,68,7
1729,4891,98,4
1730,602,30,5
1731,827,63,10
1732,9545,60,1
1733,9565,46,5
1734,255,48,10
1736,134,1,3
1738,3809,33,5
1739,3266,52,7
1740,6462,74,7
1741,6892,12,10
1742,5625,7,1
1746,6567,72,4
1747,1886,94,5
1748,8664,1,0
1749,33,72,10
1750,855,7,2
1751,8578,31,9
1752,1565,24,6
1753,4434,44,10
1754,69,70,7
1755,664,84,5
1757,6281,70,3
1758,3852,37,0
1760,1569,57,4
1761,831,94,5
1764,165,78,3
1765,965,98,7
1766,3064,49,10
1767,5930,16,6
1768,4712,40,0
1769,8564,34,2
1770,7079,46,4
1772,5156,20,6
1774,578,3,9
1775,1894,2,7
1777,6032,89,8
1778,2159,51,10
1779,9560,5,6
1780,5229,85,4
1781,5203,45,3
1782,2969,10,1
1784,5662,16,10
1785,5080,38,10
1786,5488,20,9
1787,6543,31,1
1788,9268,1,8
1789,2585,44,0
1790,3574,94,10
1792,9535,72,10
1793,1992,98,6
1794,380,65,4
1796,1703,46,2
1797,4221,9,2
1798,7995,99,7
1799,9894,3,0
1800,9701,71,0
1801,7785,94,0
1802,4424,94,6
1803,7895,94,6
1805,7232,39,6
1807,2999,13,6
1808,9284,85,2
1809,4590,87,4
1810,3431,37,8
1811,6468,58,5
1812,9664,94,10
1813,6283,11,10
1814,1645,34,2
1815,9085,72,6
1816,9966,66,3
1817,8767,30,10
1818,7813,88,5
1819,9955,91,9
1820,9419,94,10
1821,8338,82,8
1822,6352,64,3
1823,8026,87,3
1824,4571,53,2
1825,839,49,2
1826,8604,53,3
1827,9917,1,5
1828,9333,78,0
1829,9414,55,8
1830,4340,85,6
1831,7928,1,6
1832,9383,84,1
1833,7535,90,2
1834,8784,41,3
1835,9281,34,3
1836,5907,72,10
1837,450,96,8
1838,4501,71,5
1839,114,15,8
1840,3610,89,1
1842,9870,13,3
1843,8488,83,3
1844,2893,41,8
1846,6449,62,9
1848,2039,85,9
1849,944,71,1
1850,5421,7,0
1853,1434,34,2
1855,588,72,10
1858,9554,33,0
1859,9025,12,6
1860,8049,61,5
1861,1451,35,8
1863,7280,49,8
1864,300,79,7
1865,5273,88,5
1866,822,43,7
1868,2107,85,8
1869,2139,40,4
1870,2157,49,0
1871,4651,88,3
1872,7708,64,2
1873,2591,4,4
1874,730,28,10
1875,6011,91,8
1876,9103,88,6
1877,7179,86,10
1878,3204,16,0
1879,6674,5,6
1880,8862,69,7
1881,5628,72,1
1882,3916,44,4
1883,3603,39,7
1885,4556,51,6
1886,9821,48,6
1887,9243,30,10
1888,5643,9,6
1889,9207,61,0
1891,6724,53,6
1892,5518,58,4
1894,5926,58,6
1897,4661,24,6
1899,7969,51,4
1900,3051,88,2
1901,1803,50,7
1902,8876,94,5
1903,6869,13,5
1904,6085,21,5
1907,6276,67,9
1908,2715,8,1
1909,7945,63,9
1910,7697,35,8
1911,6189,37,4
1912,6419,92,6
1913,1193,73,5
1914,3649,74,2
1915,3004,10,0
1916,1192,52,3
1917,1961,16,0
1919,3309,52,7
1920,4657,29,2
1921,2220,38,10
1922,3067,93,2
1923,5636,21,2
1925,475,54,7
1926,443,95,6
1927,1737,76,2
1929,4794,2,4
1930,7465,81,2
1931,7292,31,3
1932,3083,78,6
1933,1679,71,0
1934,958,61,0
1935,4835,56,4
1936,1586,63,1
1937,13,96,2
1938,9113,51,0
1939,35,56,1
1940,4181,75,0
1941,368,14,3
1943,3798,2,2
1944,1104,26,9
1945,1718,79,5
1946,1270,38,1
1948,2208,97,3
1950,8204,70,4
1951,4308,24,3
1953,6783,88,9
1954,9495,81,7
1955,2045,69,0
1956,5524,3,9
1957,8981,29,2
1958,160,99,3
1959,7145,46,5
1960,9343,38,6
1961,4419,85,3
1962,8000,15,1
1963,3234,95,10
1965,5482,17,8
1966,9114,28,9
1967,1116,47,3
1968,9245,26,6
1969,2499,81,9
1970,7192,91,7
1971,6253,54,4
1973,8406,4,2
1974,6539,34,6
1979,2147,35,1
1980,4008,3,2
1981,3406,48,9
1982,4964,45,7
1984,7687,73,2
1985,3079,98,0
1986,5995,29,1
1987,6952,39,5
1988,117,9,10
1989,7953,17,8
1990,3335,37,7
1991,1012,31,5
1992,7795,11,6
1993,1782,93,7
1996,8685,56,4
1998,755,11,6
1999,8549,41,0
2000,4507,54,1
2001,9636,45,5
2002,3748,62,1
2003,529,77,7
2005,7793,98,1
2006,2988,55,3
2007,4232,67,2
2009,9133,12,1
2010,7061,14,8
2011,7083,44,3
2013,4352,35,4
2014,7313,97,7
2015,8381,2,6
2016,5865,8,7
2017,5827,24,3
2018,8104,48,6
2020,6996,53,6
2021,2522,73,7
2023,8196,89,7
2024,5497,18,10
2025,4668,16,8
2026,9387,65,1
2027,5592,7,8
2029,6232,74,4
2030,7810,50,0
2031,1504,58,10
2033,8983,6,9
2034,1838,40,5
2035,9384,47,0
2036,2090,7,8
2037,9694,65,0
2038,126,5,3
2039,7717,9,0
2040,4316,18,1
2042,7599,9,3
2044,2566,100,0
2045,8158,21,9
2046,4751,92,6
2049,8473,17,3
2051,3428,83,6
2052,6657,93,6
2053,4980,65,4
2054,4208,21,7
2055,788,28,4
2056,1720,92,6
2057,6939,90,8
2058,5289,49,3
2059,8368,62,10
2060,441,42,4
2061,7750,66,5
2062,9529,83,5
2063,9452,19,10
2064,6603,36,7
2065,1844,29,0
2066,6503,35,10
2067,1535,71,0
2068,4072,83,3
2069,1078,52,0
2070,690,98,8
2071,7660,56,0
2072,454,60,0
2073,6362,22,1
2074,6895,8,2
2075,5726,9,4
2076,4725,61,8
2077,3738,18,2
2079,8268,60,8
2080,8492,95,7
2081,1835,100,5
2082,1512,77,3
2083,9,8,9
2084,328,41,4
2085,4064,100,9
2086,3732,44,10
2087,2750,85,1
2088,9070,81,1
2089,9731,81,9
2090,1478,43,10
2092,7067,48,4
2093,2082,73,8
2094,9036,32,8
2095,7554,4,1
2097,611,43,7
2099,1439,15,9
2100,6514,81,9
2102,945,74,8
2103,7251,38,9
2104,1541,40,1
2105,5069,74,9
2106,1988,69,0
2107,5340,74,10
2108,479,81,3
2110,3437,32,7
2111,1267,57,6
2112,8143,60,10
2114,5461,55,2
2115,537,96,1
2116,6301,62,8
2117,213,16,5
2118,5978,79,6
2119,4941,66,1
2120,6622,24,6
2121,9650,100,0
2122,7932,90,0
2123,7147,94,3
2124,911,21,6
2125,6592,77,5
2126,7729,22,6
2127,5697,24,8
2129,2842,50,2
2130,4410,33,7
2131,3181,86,10
2132,6158,54,10
2133,6351,58,7
2134,7398,85,9
2135,9817,53,5
2136,9467,75,4
2137,486,85,5
2139,9717,23,1
2140,3398,14,9
2141,9546,51,5
2142,4201,25,4
2143,8271,40,2
2145,1728,40,6
2147,9279,53,4
2149,3175,84,1
2150,6635,53,10
2151,4552,65,3
2152,9697,90,5
2153,1613,40,0
2155,2926,3,1
2156,9354,38,2
2157,4392,27,8
2158,9248,91,5
2159,9157,21,0
2160,2706,98,10
2161,7885,68,3
2162,1638,31,7
2163,4857,87,10
2165,7674,20,4
2166,4179,56,7
2168,9359,66,3
2170,9848,4,2
2171,5516,52,9
2172,9205,62,2
2173,7210,55,7
2174,7034,96,5
2175,572,77,3
2177,8828,51,1
2178,7506,30,6
2179,4001,38,2
2180,9067,75,7
2182,7177,32,10
2183,5811,17,7
2184,7898,80,7
2185,4536,91,9
2186,2221,37,2
2187,5197,97,5
2189,9518,48,9
2190,9633,7,5
2191,3272,16,9
2192,6090,56,2
2193,142,86,2
2194,2799,2,7
2196,9965,46,6
2197,1403,33,2
2198,1254,11,2
2199,8322,33,3
2200,2547,62,7
2201,5963,25,10
2202,1912,88,10
2204,3129,90,0
2205,9047,27,5
2207,9054,32,2
2208,4510,65,4
2209,2014,54,6
2210,9968,3,3
2211,2219,11,8
2212,2658,62,1
2213,1309,65,7
2214,8293,37,8
2215,1665,10,8
2217,1962,28,7
2218,8921,21,10
2219,2013,29,9
2220,2326,41,3
2222,5034,57,10
2223,8789,67,8
2224,3933,88,10
2225,3480,69,7
2226,5646,14,5
2228,6230,44,4
2230,342,6,0
2231,7081,15,3
2233,7419,70,1
2234,9155,1,3
2235,4932,71,3
2236,2105,12,2
2237,227,37,8
2238,7102,5,1
2239,2804,71,1
2240,9109,23,10
2241,1691,81,9
2242,4203,71,3
2243,7354,100,7
2244,8209,14,8
2245,6627,98,3
2246,4413,16,3
2247,493,25,3
2248,4766,96,4
2250,7942,20,8
2251,6828,53,2
2252,4727,98,8
2253,72,77,6
2254,1039,91,1
2255,9969,75,9
2258,6171,1,6
2259,2361,92,6
2261,1377,20,9
2262,9156,4,0
2263,6300,100,5
2264,4818,78,3
2265,2789,79,7
2267,7853,38,7
2268,2687,78,2
2269,3111,13,9
2270,2425,42,3
2271,1427,62,1
2272,6319,18,8
2273,9449,72,3
2274,4734,29,6
2275,1371,84,1
2277,8102,87,10
2278,2975,86,3
2279,984,53,5
2280,26,20,0
2281,5094,94,10
2282,8881,32,6
2283,2447,45,9
2284,2411,21,10
2285,4217,56,4
2286,5852,30,3
2287,7925,85,0
2288,4549,75,0
2290,102,100,0
2292,283,66,6
2293,3499,11,9
2295,9592,44,10
2296,7765,94,3
2297,4326,93,5
2298,9253,29,5
2299,2257,85,4
2300,8810,3,8
2302,8281,22,4
2303,9187,98,5
2305,3404,100,8
2307,9823,14,4
2308,8083,67,4
2309,1161,43,4
2310,1402,45,1
2311,2429,80,9
2312,1315,41,10
2314,7213,36,8
2315,3948,29,10
2316,4331,70,10
2317,6842,33,7
2318,1031,75,10
2319,2331,46,3
2320,6785,6,1
2321,2916,85,2
2322,5833,90,9
2323,9771,3,7
2325,8617,49,4
2326,6199,21,9
2328,1880,96,9
2329,295,30,6
2330,9330,21,7
2331,3815,30,7
2332,3350,93,0
2333,2246,52,5
2334,5535,73,10
2335,4962,90,0
2336,4242,35,10
2337,5663,92,3
2338,4782,76,2
2339,612,79,7
2340,2200,10,6
2341,8902,15,3
2342,971,22,5
2343,6111,71,6
2344,2662,22,0
2345,48,33,9
2346,1681,95,7
2347,9541,82,7
2349,3112,10,0
2350,205,81,5
2351,9871,37,8
2352,645,27,10
2353,5474,4,4
2354,2012,82,5
2355,9002,62,9
2356,9219,55,9
2359,2844,22,3
2364,3771,25,8
2365,4774,48,1
2366,8386,57,8
2367,5428,76,4
2368,8157,32,7
2369,5732,79,5
2371,3782,35,0
2374,8285,80,4
2375,1464,22,10
2376,3914,43,6
2377,1919,9,4
2379,6172,57,10
2380,8468,5,3
2381,6745,95,2
2382,7235,46,5
2383,6781,77,10
2384,7911,12,8
2385,819,35,10
2386,2571,89,3
2387,9305,1,4
2388,5256,63,9
2392,5870,38,10
2393,7720,3,9
2394,5477,67,5
2397,3865,8,3
2398,9760,23,3
2399,694,40,9
2401,4080,98,6
2402,225,61,4
2403,1660,27,0
2404,2023,59,8
2405,6871,42,9
2406,8720,91,6
2407,118,46,8
2408,4799,84,3
2409,3162,45,3
2410,1978,77,5
2412,6648,35,5
2413,8526,85,6
2414,4873,28,3
2415,2314,41,1
2416,5056,12,4
2417,1447,94,7
2418,7441,37,0
2419,8592,55,6
2420,5115,95,10
2421,6312,12,10
2422,6373,41,8
2423,5028,91,1
2424,5269,17,5
2425,3284,61,4
2426,1734,61,9
2427,3127,33,9
2429,2401,25,1
2430,3401,34,1
2431,4303,13,8
2433,8817,17,7
2434,6589,35,9
2436,8832,87,3
2437,5397,10,4
2440,8240,50,10
2441,6241,55,4
2442,4976,65,3
2443,6279,80,8
2446,9048,86,1
2449,219,95,1
2452,7481,4,2
2453,4821,87,1
2454,9621,93,6
2455,9470,67,4
2456,5932,33,6
2457,6870,84,10
2460,1908,55,9
2463,2816,14,10
2464,1588,86,4
2465,8995,58,4
2467,1694,10,9
2468,8895,46,0
2469,9229,71,4
2470,7993,84,8
2472,6012,48,1
2473,7604,47,9
2474,1084,84,1
2475,3739,32,10
2476,7698,12,2
2477,360,31,6
2478,7536,87,4
2479,6594,15,2
2481,7725,71,9
2482,2153,47,7
2483,4872,1,4
2484,7699,22,1
2485,2915,41,1
2486,5348,29,2
2487,124,98,1
2488,8479,39,3
2489,9797,39,8
2490,867,68,10
2493,6303,44,3
2494,2196,91,8
2495,5179,4,9
2499,640,3,10
2501,2900,96,5
2502,7852,73,4
2503,9681,78,10
2504,2824,71,7
2505,1498,58,10
2506,2352,23,4
2507,1820,95,7
2509,790,89,3
2510,1657,40,6
2511,9269,78,7
2512,5233,47,2
2513,6502,73,8
2514,7859,65,9
2515,3139,100,6
2516,9010,77,0
2517,4266,66,10
2518,3170,21,0
2519,1156,49,5
2521,6600,100,8
2522,5472,58,9
2526,4137,58,8
2527,7982,40,7
2528,6498,47,2
2529,6025,60,6
2530,2033,59,3
2531,2918,11,8
2532,8871,78,1
2533,8089,75,0
2534,544,5,10
2536,4998,82,6
2538,1113,61,8
2539,9065,7,8
2540,1977,93,10
2542,6178,24,2
2543,4807,88,3
2545,8635,85,2
2546,8713,39,4
2547,4108,80,7
2550,2232,88,9
2551,8591,85,6
2552,8872,95,1
2553,1063,46,5
2554,85,77,9
2555,7152,44,10
2556,4595,71,10
2557,3812,4,8
2558,6647,43,9
2559,7027,43,4
2561,3173,86,5
2564,5948,8,0
2568,22,69,10
2569,6050,7,6
2571,7293,21,3
2572,9753,27,5
2573,6019,87,10
2575,3387,61,5
2577,6826,93,9
2579,3120,28,7
2580,3473,79,9
2581,3021,32,9
2582,1308,97,9
2583,9960,33,0
2584,9957,90,0
2586,5184,99,2
2587,5364,41,1
2588,1755,49,0
2589,2805,87,7
2590,8245,79,10
2591,1081,51,6
2592,2270,93,1
2593,3331,93,0
2594,2992,92,3
2595,2,51,0
2596,5991,16,4
2597,7827,92,5
2598,526,23,2
2601,8258,57,9
2602,230,76,5
2604,8965,62,7
2605,8888,57,10
2606,8121,78,3
2607,2578,14,10
2608,8749,30,10
2609,4947,90,10
2610,869,33,4
2612,3857,16,10
2613,5591,28,1
2614,9687,3,2
2616,8998,42,3
2618,5962,43,10
2620,4924,74,5
2621,5276,58,10
2623,7392,56,0
2626,4606,83,3
2627,3664,90,6
2628,9859,21,10
2629,6399,17,5
2630,9016,31,2
2631,1649,85,4
2632,9139,23,0
2634,5593,100,5
2635,9543,42,1
2636,9996,92,1
2637,5750,90,10
2638,2740,11,1
2639,1816,74,6
2640,6518,47,4
2641,4289,30,1
2642,9432,57,4
2643,8867,78,5
2645,7375,75,10
2646,241,6,7
2647,1560,50,1
2648,8445,18,5
2649,9656,22,6
2652,9891,88,1
2653,7562,7,1
2654,1770,81,10
2655,2520,40,3
2656,7469,20,7
2657,7140,9,5
2658,6403,17,8
2659,3681,1,4
2660,4107,10,5
2661,408,92,2
2662,3584,84,9
2663,9561,68,7
2664,6582,16,5
2665,9644,47,9
2666,1600,97,6
2667,4037,74,8
2668,5451,51,3
2669,3708,15,10
2670,9764,7,10
2671,5407,90,4
2672,9659,9,5
2673,5998,46,0
2674,4843,82,3
2675,7618,92,4
2676,6702,76,2
2677,4117,81,4
2680,1092,45,10
2681,3251,25,6
2682,9231,51,4
2683,6551,62,7
2684,6486,100,1
2685,2519,42,0
2686,4598,51,1
2688,9436,18,6
2690,9237,50,4
2691,3562,12,10
2692,7271,42,4
2694,8046,20,0
2695,1396,55,6
2696,331,83,2
2697,2634,16,6
2698,7229,7,8
2699,3955,62,3
2700,581,97,10
2702,4893,73,9
2703,4300,42,7
2704,4360,5,2
2705,8814,14,3
2706,8511,84,0
2709,4827,35,7
2710,793,73,0
2711,9748,14,0
2712,9448,57,6
2714,5749,7,4
2715,5568,53,4
2716,1661,74,5
2717,3999,16,9
2718,2144,8,3
2720,1361,39,3
2721,491,56,3
2722,7503,85,5
2723,2897,20,6
2726,9012,48,0
2727,7574,78,7
2728,6909,25,0
2730,4913,82,4
2731,9774,46,8
2732,4612,70,4
2736,7406,11,6
2739,2877,47,8
2740,562,27,3
2741,7427,68,4
2742,812,46,7
2743,998,88,9
2744,9990,5,10
2745,1269,27,4
2746,703,29,5
2748,2962,28,5
2749,4576,74,7
2751,2489,19,0
2753,4256,31,6
2754,679,4,1
2755,80,39,8
2757,7115,81,7
2758,557,92,6
2759,9188,68,5
2760,1280,45,6
2763,4056,60,0
2764,2044,21,4
2765,3413,34,7
2766,7474,64,9
2767,4041,14,6
2769,6519,63,6
2770,5189,83,2
2771,8039,90,7
2772,6237,28,4
2773,3492,47,0
2774,5781,6,10
2775,6918,8,2
2776,8090,44,7
2777,5603,71,1
2779,5023,15,4
2780,6294,98,5
2782,2325,38,9
2785,9983,15,7
2786,7461,61,5
2787,5895,88,7
2788,6645,41,2
2790,5847,91,0
2791,3414,69,1
2793,3191,26,9
2794,2155,33,4
2795,7838,97,0
2798,3047,96,9
2799,5335,24,5
2800,4930,5,4
2801,6743,60,0
2802,4245,94,7
2803,7108,57,2
2806,6643,89,1
2808,2616,91,9
2809,8010,42,5
2810,8123,52,10
2811,9835,86,4
2812,1332,48,8
2813,851,92,9
2815,7962,87,10
2816,8226,36,5
2817,1333,90,5
2818,794,79,2
2819,6027,8,9
2820,7658,13,0
2821,1614,51,7
2823,9625,65,3
2824,7029,28,7
2825,3913,29,5
2828,9332,83,10
2830,3050,99,10
2831,8279,88,4
2832,6963,2,6
2834,7561,11,10
2837,3186,96,10
2839,688,37,0
2840,3074,76,10
2841,7272,15,10
2842,3804,62,7
2843,1764,79,4
2844,5078,45,0
2845,3416,65,6
2846,6879,76,1
2848,1534,81,6
2849,265,62,10
2850,2443,99,10
2851,3174,60,2
2852,2426,1,2
2853,7042,86,10
2856,7423,34,5
2858,3071,42,6
2860,5346,72,4
2862,3698,76,7
2863,1673,25,0
2864,2933,68,1
2865,8932,59,5
2867,9368,30,7
2868,391,5,4
2870,334,66,9
2871,1570,93,10
2872,7832,9,5
2874,9527,99,7
2877,4327,75,7
2878,2711,27,8
2879,9145,16,8
2880,8596,58,9
2881,771,73,9
2882,2602,70,7
2885,9868,68,9
2886,1279,75,4
2887,2132,9,8
2888,4681,12,8
2890,6700,75,0
2891,4960,62,0
2892,913,2,0
2895,7110,54,1
2896,5446,25,7
2897,9652,25,6
2898,1995,40,9
2899,5372,69,6
2900,4027,89,2
2901,5772,87,10
2902,6385,3,3
2903,8208,44,0
2905,304,28,8
2906,8244,72,5
2907,8797,23,1
2908,266,22,10
2909,9700,79,7
2910,7295,37,3
2911,8751,82,8
2917,4276,91,10
2918,1652,95,0
2919,8243,22,4
2920,5765,72,4
2922,9497,15,1
2923,1941,24,8
2924,3146,38,0
2925,3860,14,9
2928,2243,30,0
2929,2556,35,8
2930,1145,49,8
2931,6037,100,0
2932,110,9,4
2934,9097,9,7
2935,8035,88,4
2936,5997,91,8
2937,2079,58,0
2938,2101,70,1
2939,6821,78,2
2940,7518,76,7
2945,4318,7,5
2946,1395,29,6
2947,7462,92,10
2948,1865,95,0
2949,5271,69,4
2950,7573,65,9
2951,390,16,9
2952,9057,9,10
2953,2781,47,4
2954,1760,59,8
2955,8906,54,7
2956,6448,50,2
2957,9191,77,6
2958,8489,45,1
2959,1249,60,3
2960,8401,58,7
2962,3910,56,1
2963,8634,95,6
2964,186,56,3
2965,8053,12,9
2966,3695,99,10
2967,1484,12,2
2968,6155,60,9
2969,4353,54,8
2970,20,65,3
2972,4247,28,9
2973,43,26,2
2974,1080,30,5
2975,4381,63,9
2976,9485,50,0
2979,2087,47,8
2980,7587,70,6
2981,7253,23,2
2982,2641,42,7
2983,6827,81,1
2984,2873,41,10
2985,382,66,3
2986,3677,93,6
2987,8645,97,9
2988,7539,48,7
2991,1133,7,2
2992,4403,50,6
2993,7807,8,7
2994,3281,75,1
2995,3528,2,9
2996,4477,82,2
2997,8433,60,3
3000,1146,66,2
3001,7960,22,9
3002,8623,26,8
3003,4722,89,0
3005,2592,4,0
3006,8133,49,10
3007,7438,40,7
3008,1370,7,1
3010,5066,29,0
3011,9404,27,3
3012,8132,21,4
3013,7564,11,10
3015,9680,58,7
3016,3373,40,3
3017,1948,76,9
3018,9622,77,5
3019,7196,80,10
3021,8199,84,9
3022,5,52,5
3023,8791,19,5
3024,1020,89,6
3025,3453,92,9
3026,2524,54,4
3027,9670,44,9
3030,5041,62,8
3031,6671,60,8
3033,8607,99,1
3034,1040,24,3
3035,1667,98,5
3036,4404,48,8
3038,4518,100,8
3039,9526,69,4
3040,3436,2,4
3041,9463,39,4
3043,5961,68,10
3044,3823,70,5
3046,7005,61,3
3047,5859,10,0
3048,1007,86,6
3050,5007,34,3
3051,4604,19,1
3052,802,73,5
3053,6164,26,5
3054,2972,27,0
3055,6716,41,9
3056,5356,54,4
3057,8985,58,0
3058,465,20,2
3059,1002,66,10
3060,5392,89,10
3062,5947,76,2
3063,2002,62,4
3064,3945,6,2
3067,9939,30,3
3070,2268,48,3
3072,6459,97,5
3073,4275,58,4
3074,4917,86,10
3075,6361,45,5
3076,4253,95,1
3077,1422,26,3
3078,9677,69,6
3079,2735,63,7
3080,5015,69,8
3081,1375,17,7
3082,1170,3,2
3085,8667,85,7
3086,7881,90,4
3087,4309,95,10
3088,7265,2,7
3089,4467,88,3
3090,5227,3,1
3091,9936,10,5
3093,7933,65,6
3098,5053,83,0
3100,8774,42,0
3101,8079,1,5
3102,398,72,10
3105,1794,9,4
3107,4428,46,2
3108,7605,17,5
3109,1547,66,6
3110,2469,8,1
3114,1284,92,6
3115,5199,42,1
3116,1314,23,2
3117,4629,41,9
3118,5068,89,3
3119,7150,89,1
3120,2187,65,5
3121,8359,87,1
3126,927,12,3
3127,5576,99,7
3128,520,62,7
3129,7281,7,0
3130,8770,52,8
3131,7575,8,3
3132,3090,20,7
3133,594,98,9
3134,7377,63,6
3136,507,96,9
3139,6144,17,5
3142,9999,94,4
3145,8904,66,0
3146,7769,7,7
3147,8665,84,1
3148,2840,8,3
3150,2463,46,0
3151,9826,69,7
3153,7756,98,2
3154,3717,84,4
3155,6955,49,2
3156,4816,78,5
3157,9626,44,1
3161,9922,97,0
3164,4513,25,0
3165,4374,71,5
3167,2812,49,0
3168,5768,71,5
3169,1719,1,6
3170,6935,15,7
3171,8671,59,8
3172,584,53,4
3173,4686,48,7
3174,9945,92,3
3175,2728,68,2
3176,5168,90,7
3179,8851,88,3
3182,9986,83,9
3183,8206,33,2
3185,4746,27,1
3187,1171,53,4
3189,5150,8,1
3190,2944,85,6
3191,4902,54,0
3194,753,13,10
3198,1589,33,2
3202,46,96,7
3204,1566,78,8
3205,4610,8,4
3206,8065,50,4
3207,9206,36,6
3208,8887,16,4
3210,7746,78,10
3211,2597,1,5
3212,7671,76,1
3213,5821,60,5
3214,9979,74,5
3215,9642,40,1
3216,4602,72,4
3218,6708,95,2
3219,8362,3,9
3220,5953,46,4
3221,8316,84,9
3222,9328,24,1
3223,784,42,2
3225,5794,84,1
3226,9724,70,8
3227,1149,49,8
3228,8523,37,4
3229,5609,95,0
3230,2099,79,4
3231,8265,37,7
3232,5509,92,3
3233,7706,57,6
3234,1265,16,3
3235,1749,65,0
3236,6368,58,5
3237,8128,44,7
3238,3303,64,9
3240,3246,88,7
3242,4841,36,8
3243,201,89,6
3245,7891,9,4
3246,5519,77,3
3250,6465,99,4
3252,3065,41,10
3253,5159,4,3
3254,9582,79,1
3256,3178,15,9
3259,1036,54,0
3260,3150,24,4
3262,3478,23,9
3263,316,12,10
3264,8289,26,8
3265,2487,60,8
3267,7311,25,3
3268,5263,95,8
3269,5792,45,6
3271,4684,65,9
3272,8636,28,1
3275,6497,73,1
3276,2906,18,8
3277,2035,71,8
3279,1410,72,6
3281,2583,22,2
3282,9161,49,8
3283,7019,62,9
3286,9537,64,3
3290,1684,46,7
3291,4601,59,4
3293,4161,14,6
3294,3923,10,7
3295,4499,93,9
3296,4438,46,7
3297,5387,49,2
3299,2527,55,1
3300,9385,89,5
3301,7762,53,6
3302,9351,46,7
3303,6808,16,5
3304,5126,53,0
3305,5810,39,0
3306,580,61,5
3307,222,39,9
3309,8426,74,3
3310,4771,44,1
3311,7010,83,2
3313,5764,47,8
3314,5855,53,0
3315,2704,50,5
3316,7747,5,10
3317,4083,34,3
3318,2653,95,2
3320,5734,88,5
3321,303,91,0
3325,749,7,2
3328,9422,74,3
3330,7190,46,10
3331,8546,76,5
3332,1459,57,10
3333,4523,74,7
3334,871,88,8
3336,6550,83,8
3337,4804,84,2
3338,2746,64,2
3339,5114,66,4
3340,9369,55,7
3341,6023,90,0
3342,2538,84,2
3343,9021,88,8
3344,7203,39,3
3346,2587,14,7
3347,1725,42,1
3349,778,82,10
3350,397,32,10
3351,8502,82,3
3352,326,55,6
3355,7737,34,1
3357,7055,61,1
3358,4298,96,0
3359,8198,25,10
3360,9045,46,2
3361,3905,13,8
3363,5137,49,8
3364,6549,7,1
3366,2656,73,3
3367,931,82,6
3368,7776,65,1
3369,459,92,7
3370,833,55,2
3371,1465,86,2
3372,282,67,9
3375,3411,49,2
3376,9850,6,3
3377,693,56,2
3379,7208,86,7
3380,7111,59,0
3381,9026,61,0
3382,6800,38,9
3383,2130,55,5
3385,5746,61,3
3386,7499,22,8
3387,1271,99,10
3388,9440,93,9
3389,9102,43,10
3390,6861,38,9
3392,7545,51,4
3393,9173,19,4
3394,6455,93,10
3395,1733,16,2
3398,1571,40,2
3399,336,55,4
3400,7727,75,9
3401,5840,49,0
3402,9063,100,3
3403,1849,97,4
3406,2084,32,2
3407,8193,42,4
3408,6222,40,6
3410,8684,63,6
3411,2560,20,3
3414,5463,75,6
3415,1147,32,9
3417,3831,72,5
3419,389,98,4
3420,9924,19,10
3423,7181,36,7
3424,2996,96,4
3425,860,91,10
3426,7395,14,5
3427,5342,58,4
3428,5079,79,7
3429,677,39,5
3430,4174,2,5
3431,4760,85,7
3432,5671,19,6
3433,4411,39,6
3436,5288,68,5
3437,2405,3,9
3438,1579,47,1
3439,1111,82,6
3441,7000,80,4
3444,4844,83,4
3448,4540,74,0
3449,5287,95,9
3450,3237,95,1
3451,546,52,7
3454,5706,16,5
3455,7268,8,1
3457,5880,24,8
3458,8539,58,1
3459,2959,85,5
3462,5585,55,9
3463,3863,84,5
3464,7902,27,7
3465,5687,33,5
3466,5622,28,8
3468,3791,95,5
3469,9834,51,3
3471,4896,9,6
3472,1124,41,10
3473,995,19,2
3474,8757,50,4
3478,563,16,2
3479,641,26,9
3481,1245,56,8
3482,2790,13,4
3483,1358,51,1
3484,4498,27,3
3485,9938,83,3
3486,7553,62,8
3487,6105,95,10
3488,8903,74,4
3489,5370,26,3
3490,8444,95,0
3491,4931,83,7
3494,1473,88,9
3495,9165,1,2
3499,6161,52,2
3500,6181,94,3
3501,5293,14,5
3506,1830,90,4
3509,1188,92,6
3511,2120,31,10
3512,3179,47,5
3513,5819,81,8
3515,8177,12,5
3517,9840,10,5
3518,4557,52,9
3519,6311,67,0
3520,6780,39,4
3521,5693,98,1
3522,180,55,0
3523,9141,2,9
3524,4624,74,6
3525,7772,55,3
3526,3578,21,0
3528,6934,24,9
3530,1190,84,2
3531,2502,42,1
3532,7387,44,2
3534,9563,67,1
3535,4773,85,5
3538,1057,82,3
3539,3661,64,9
3540,4043,72,10
3542,657,51,3
3544,9093,16,4
3545,8370,31,10
3546,5267,70,5
3547,2620,56,2
3548,4421,81,7
3549,922,58,6
3550,4509,21,1
3551,6876,24,3
3552,750,36,4
3554,7151,42,7
3555,2883,72,9
3556,8672,74,9
3557,8891,49,9
3559,6788,11,2
3560,7117,37,3
3561,8275,41,6
3562,5868,6,1
3563,2242,13,5
3564,1203,80,2
3565,9575,60,9
3567,5800,25,0
3568,2495,64,2
3569,7188,36,9
3570,799,3,1
3571,4189,5,9
3572,6154,73,2
3573,7782,45,0
3574,925,58,0
3579,2436,42,5
3581,538,34,5
3583,540,91,3
3586,7808,61,5
3587,3954,79,10
3589,5146,27,1
3591,327,51,8
3592,4339,47,8
3593,9698,77,10
3594,7214,66,3
3595,3500,98,9
3596,4650,13,9
3597,7707,9,1
3598,2109,39,4
3599,1243,60,6
3600,2749,39,8
3601,5923,41,9
3602,9127,89,4
3603,2483,12,9
3605,9958,78,1
3607,5207,66,8
3610,3438,27,8
3611,7218,56,5
3612,7519,65,5
3613,954,59,4
3615,47,23,0
3616,7018,98,2
3617,7159,11,2
3618,2303,20,1
3619,6299,99,6
3621,3483,12,2
3623,9928,18,9
3624,6715,50,9
3625,3270,76,0
3626,7417,90,1
3627,8733,74,1
3628,7578,100,9
3631,5491,44,5
3632,6418,67,0
3634,9593,85,1
3635,5651,12,1
3637,7148,90,7
3639,5542,54,8
3640,2701,94,4
3641,3600,65,2
3643,5086,70,10
3645,3996,53,3
3646,1143,36,3
3648,6066,55,7
3649,5670,22,1
3650,2366,39,8
3651,2281,58,6
3652,9398,40,10
3653,6129,29,10
3654,249,49,9
3655,845,22,7
3656,3153,81,3
3659,1911,42,3
3660,2501,55,0
3661,2183,17,10
3663,6354,81,5
3664,7294,69,9
3665,1980,24,9
3666,9754,63,2
3667,9120,74,7
3668,5890,69,6
3670,698,8,5
3671,3283,4,6
3672,5232,49,3
3675,9022,89,2
3676,5552,23,3
3677,2022,39,2
3678,5035,36,6
3679,5245,28,2
3680,506,39,10
3681,9500,80,8
3682,3581,61,6
3684,4894,37,4
3685,820,25,10
3686,1235,33,6
3687,5515,46,2
3688,3149,68,7
3689,3930,20,9
3690,2074,21,3
3691,4942,94,5
3694,4867,74,6
3695,8559,58,10
3696,5577,61,1
3697,9597,16,0
3698,7470,74,2
3699,1100,57,3
3700,7241,48,9
3703,6653,45,8
3704,5420,30,7
3705,4365,36,6
3706,2751,49,4
3708,1866,3,9
3710,11,33,0
3711,1829,56,9
3715,7514,49,8
3718,7458,88,6
3719,8730,14,0
3720,1421,67,7
3721,4306,21,7
3722,5254,89,6
3724,5578,47,4
3726,6956,16,0
3727,7936,77,5
3728,1292,30,3
3729,2024,22,5
3730,4279,11,9
3732,5336,66,8
3737,1412,14,0
3739,7568,100,6
3740,371,20,1
3741,9365,61,0
3742,1722,99,3
3746,2821,30,0
3747,6681,12,5
3748,5837,69,6
3751,938,36,8
3752,8166,67,10
3753,1164,3,2
3756,5691,93,3
3759,78,79,8
3760,6494,80,1
3763,3026,80,7
3767,9507,97,8
3769,8219,9,10
3770,9952,55,9
3772,5984,4,9
3774,2279,15,0
3775,4943,64,10
3778,3874,28,7
3779,3582,43,4
3780,7533,6,10
3781,9749,52,10
3783,5990,34,6
3784,4035,32,3
3785,1003,19,7
3786,4814,85,0
3788,362,64,2
3790,7670,59,3
3791,9883,24,2
3792,8638,71,7
3793,7817,42,4
3794,6682,77,7
3796,6080,79,1
3798,4555,22,5
3799,3617,53,1
3800,7224,26,9
3801,424,47,9
3802,4391,65,0
3804,9478,59,3
3805,6893,5,4
3811,2188,12,7
3812,4283,10,1
3815,1041,79,7
3818,119,42,1
3820,5620,50,10
3822,9502,23,0
3823,5201,94,1
3825,9249,28,0
3826,9653,33,7
3827,7028,33,9
3828,1769,86,1
3829,9059,91,5
3831,7212,5,0
3832,5076,81,4
3833,7300,70,7
3834,1155,93,10
3835,9530,23,3
3836,497,78,8
3838,9393,27,4
3839,4154,37,10
3840,6532,66,1
3841,3638,81,8
3843,3836,88,1
3844,1668,55,8
3845,1632,79,5
3846,6072,39,3
3847,9881,35,6
3848,9856,23,4
3850,4456,82,6
3853,4506,8,5
3854,1766,53,0
3855,5986,81,1
3857,1540,3,1
3859,5724,92,1
3860,4701,19,2
3861,3076,8,1
3865,7131,49,10
3868,3659,84,1
3869,4432,20,9
3870,9988,69,5
3871,6855,71,7
3873,3780,30,1
3874,9201,28,7
3875,7528,43,6
3876,3696,37,9
3877,3735,86,4
3879,2636,92,9
3880,702,61,10
3881,7851,1,10
3882,5754,39,0
3883,1200,29,7
3885,5557,64,2
3886,4644,6,8
3887,116,78,6
3888,9447,36,6
3889,1907,95,9
3891,5102,23,10
3892,673,35,1
3893,9791,35,0
3897,4715,67,10
3899,7002,8,10
3901,3061,86,8
3902,8130,86,5
3904,4697,86,10
3905,2163,25,8
3906,9491,84,4
3907,7500,19,3
3909,7835,96,4
3910,7379,40,4
3911,4344,6,5
3912,9643,47,7
3913,1801,30,6
3915,5305,83,7
3916,1307,63,6
3917,4151,69,6
3918,2613,1,1
3919,3984,91,7
3920,9645,69,3
3922,731,37,5
3923,8333,59,7
3924,3405,23,7
3925,6378,56,8
3927,168,41,0
3928,835,34,2
3929,3700,60,9
3930,8622,47,0
3932,1440,14,10
3933,5290,87,1
3935,1578,55,9
3936,524,77,6
3939,6922,20,6
3940,2991,18,4
3943,9815,25,3
3944,3161,54,9
3947,2118,74,4
3948,7913,73,5
3949,986,100,7
3951,4358,96,4
3952,4700,33,7
3955,2846,95,4
3956,2284,74,8
3957,252,11,5
3960,4333,98,8
3961,5510,99,1
3965,14,62,9
3968,3855,8,3
3969,7662,13,0
3970,6796,84,4
3971,6566,63,4
3972,6990,60,10
3974,3511,76,0
3975,1735,91,9
3976,4212,7,4
3979,4207,58,7
3981,4687,91,5
3982,1696,99,8
3983,6127,83,6
3986,4591,15,7
3988,8383,76,4
3990,1001,10,3
3991,5326,82,9
3992,4925,30,7
3993,8103,21,3
3994,3391,79,4
3995,8690,28,0
3997,7412,70,10
3998,9198,18,6
3999,9460,40,9
4000,2427,59,6
